id,source,text
1,synthetic,"I am really happy with how my life has turned out. Most days I wake up grateful."
2,synthetic,"Honestly, my life is pretty close to what I always wanted. I wouldn't change much."
3,synthetic,"I feel content and satisfied with where I am — career, family, all of it."
4,synthetic,"Looking back, I've achieved the important things I set out to do in life."
5,synthetic,"If I had to live it all over again, I'd do it exactly the same way."
6,synthetic,"Lately I feel like nothing in my life is going the way I hoped it would."
7,synthetic,"I keep comparing my life to others and coming up short. It's exhausting."
8,synthetic,"I prefer handling my problems on my own instead of asking anyone for help."
9,synthetic,"I've always relied on myself. Depending on other people just slows you down."
10,synthetic,"Doing my own thing matters more to me than fitting in with any group."
11,synthetic,"My independence is the most important thing about who I am."
12,synthetic,"I built this business alone, my way, without waiting for anyone's approval."
13,synthetic,"Nothing makes me happier than spending the weekend with my whole family together."
14,synthetic,"When my teammate won the award, I felt like we all won. Their success is our success."
15,synthetic,"I check in on my coworkers every morning — if one of them struggles, we all pitch in."
16,synthetic,"Cooperating with my neighbors on the community garden has been the best part of my year."
17,synthetic,"We make decisions as a family. What's good for the group comes before what I want."
18,synthetic,"Watching them hurt that stray dog made me sick. Someone has to protect animals that can't protect themselves."
19,synthetic,"I volunteer at the shelter because I can't stand seeing people suffer alone."
20,synthetic,"She spent her whole weekend caring for her sick elderly neighbor. That kind of compassion is rare."
21,synthetic,"The way they treat the new kids at school is cruel, and it breaks my heart."
22,synthetic,"A society that doesn't protect its weakest members isn't much of a society."
23,synthetic,"It's simple: everyone should get the same treatment no matter who their parents are."
24,synthetic,"The referee gave them calls he never gave us. Unequal treatment ruins the whole game."
25,synthetic,"The new policy pays two people differently for identical work. That's plainly unjust."
26,synthetic,"Justice matters more to me than loyalty — rules should apply to everyone equally."
27,synthetic,"They denied her the promotion because of office politics, not merit. So unfair."
28,synthetic,"The bus was late again today, so I finally read the book that's been sitting on my desk."
29,synthetic,"We repainted the kitchen this weekend. Still deciding between blue and sage for the hallway."
30,synthetic,"The new espresso machine at the office makes a decent flat white."
31,synthetic,"My laptop battery has been draining faster since the last update."
32,synthetic,"Rain all week, so practice moved indoors to the old gym."
33,synthetic,"I tried a new pasta recipe — needs more garlic next time."
34,synthetic,"The library extended its hours during finals, which everyone appreciated."
35,synthetic,"Traffic on Route 9 was backed up for miles this morning."
36,synthetic,"I finally organized the garage. Found tools I forgot I owned."
37,synthetic,"The farmers market had the first good tomatoes of the season."
38,synthetic,"I don't need a big social circle. Give me my workshop and my projects and I'm fine alone."
39,synthetic,"Asking for help feels like admitting defeat. I'd rather figure it out myself at 2 AM."
40,synthetic,"Our study group shares everything — notes, snacks, stress. We pass together or not at all."
41,synthetic,"The whole village showed up to rebuild their barn after the fire. That's just what we do."
42,synthetic,"Seeing my little brother finally land the job made me prouder than any of my own wins."
43,synthetic,"He tripped the runner in front of him and still took the medal. Everything wrong with the sport."
44,synthetic,"The landlord kept the deposit for damage we never caused. We're taking it to the tribunal."
45,synthetic,"Whoever hurt that child deserves to face real consequences. Protecting kids comes first."
46,synthetic,"I can't watch nature documentaries where the baby elephant gets left behind. Too much."
47,synthetic,"My life feels rich and full these days, honestly better than I ever expected it to be."
48,synthetic,"Between the layoff and the move, this has been the hardest, emptiest year I can remember."
49,synthetic,"I keep my own counsel, set my own goals, and answer to nobody but myself."
50,synthetic,"Sunday dinners at my grandmother's are sacred — twenty of us, one long table, no phones."
51,synthetic,"The city finally fixed the streetlight on Maple Ave after three months of complaints."
52,synthetic,"Split the check evenly even though I only had a salad. Didn't seem worth arguing about."
53,synthetic,"They laughed at him for his accent until the teacher stepped in. Kids can be merciless."
54,synthetic,"Every member of the team gets a vote, from the intern to the director. That's how it should be."
55,synthetic,"I moved across the country alone at nineteen and never looked back."
56,synthetic,"The bakery on 3rd started selling day-old bread at half price."
57,synthetic,"Grateful is the only word for it — good health, good people, work I love."
58,synthetic,"Nobody checks on the night-shift cleaners. Someone should make sure they're doing okay."
59,synthetic,"The same rules for the star player and the benchwarmer, or the rules mean nothing."
60,synthetic,"I finished the marathon on my own program — no coach, no running club, just me and the road."
